3x3,"Nov 24, 2018",3.47,Yusheng Du (杜宇生),China,Wuhu Open 2018
3x3,"May 06, 2018",4.22,Feliks Zemdegs,Australia,Cube for Cambodia 2018
3x3,"Jan 27, 2018",4.59,Feliks Zemdegs,Australia,Hobart Summer 2018
3x3,"Oct 28, 2017",4.59,SeungBeom Cho (조승범),Republic of Korea,ChicaGhosts 2017
3x3,"Sep 02, 2017",4.69,Patrick Ponce,United States,Rally In The Valley 2017
3x3,"Dec 11, 2016",4.73,Feliks Zemdegs,Australia,POPS Open 2016
3x3,"Nov 05, 2016",4.74,Mats Valk,Netherlands,Jawa Timur Open 2016
3x3,"Nov 21, 2015",4.90,Lucas Etter,United States,River Hill Fall 2015
3x3,"Apr 25, 2015",5.25,Collin Burns,United States,Doylestown Spring 2015
3x3,"Mar 02, 2013",5.55,Mats Valk,Netherlands,Zonhoven Open 2013
3x3,"Jun 25, 2011",5.66,Feliks Zemdegs,Australia,Melbourne Winter Open 2011
3x3,"Jun 25, 2011",6.18,Feliks Zemdegs,Australia,Melbourne Winter Open 2011
3x3,"May 07, 2011",6.24,Feliks Zemdegs,Australia,Kubaroo Open 2011
3x3,"May 07, 2011",6.65,Feliks Zemdegs,Australia,Kubaroo Open 2011
3x3,"Jan 29, 2011",6.65,Feliks Zemdegs,Australia,Melbourne Summer Open 2011
3x3,"Nov 13, 2010",6.77,Feliks Zemdegs,Australia,Melbourne Cube Day 2010
3x3,"Nov 13, 2010",7.03,Feliks Zemdegs,Australia,Melbourne Cube Day 2010
3x3,"Jul 12, 2008",7.08,Erik Akkersdijk,Netherlands,Czech Open 2008
3x3,"May 05, 2008",8.72,Yu Nakajima (中島悠),Japan,Kashiwa Open 2008
3x3,"May 05, 2008",8.72,Yu Nakajima (中島悠),Japan,Kashiwa Open 2008
3x3,"Feb 23, 2008",9.18,Edouard Chambon,France,Murcia Open 2008
3x3,"Nov 24, 2007",9.55,Ron van Bruchem,Netherlands,Dutch Championship 2007
3x3,"Oct 13, 2007",9.77,Erik Akkersdijk,Netherlands,Dutch Open 2007
3x3,"May 05, 2007",9.86,Thibaut Jacquinot,France,Spanish Open 2007
3x3,"Feb 24, 2007",10.36,Edouard Chambon,France,Belgian Open 2007
3x3,"Aug 04, 2006",10.48,Toby Mao (毛台立),United States,US Nationals 2006
3x3,"Jan 14, 2006",11.13,Leyan Lo,United States,Caltech Winter competition 2006
3x3,"Oct 16, 2005",11.75,Jean Pons,France,Dutch Open 2005
3x3,"Apr 03, 2004",12.11,Shotaro Makisumi (牧角章太郎),Japan,Caltech Spring competition 2004
3x3,"Apr 03, 2004",13.93,Shotaro Makisumi (牧角章太郎),Japan,Caltech Spring competition 2004
3x3,"Jan 24, 2004",14.76,Shotaro Makisumi (牧角章太郎),Japan,Caltech Winter competition 2004
3x3,"Jan 24, 2004",15.07,Shotaro Makisumi (牧角章太郎),Japan,Caltech Winter competition 2004
3x3,"Aug 23, 2003",16.53,Jess Bonde,Denmark,World Rubik's Games Championship 2003
3x3,"Aug 23, 2003",16.71,Dan Knights,United States,World Rubik's Games Championship 2003
3x3,"Jun 05, 1982",22.95,Minh Thai,United States,World Rubik's Cube Championship 1982
2x2,"Mar 19, 2016",0.49,Maciej Czapiewski,Poland,Grudziądz Open 2016
2x2,"Jun 06, 2015",0.58,Rami Sbahi,United States,Canadian Open 2015
2x2,"Nov 12, 2011",0.69,Christian Kaserer,Italy,Trentin Open 2011
2x2,"Feb 12, 2011",0.96,Vincent Sheu,United States,Berkeley Winter 2011
2x2,"Aug 06, 2010",0.96,Rowe Hessler,United States,United States Rubik's Cube Championships 2010
2x2,"Nov 08, 2008",0.96,Erik Akkersdijk,Netherlands,Geneva Open 2008
2x2,"Feb 23, 2008",1.63,Javier París,Spain,Murcia Open 2008
2x2,"Nov 10, 2007",2.65,Ron van Bruchem,Netherlands,UK Open 2007
2x2,"Jul 14, 2007",2.73,Mátyás Kuti,Hungary,Czech Open 2007
2x2,"Apr 28, 2007",3.55,Mátyás Kuti,Hungary,German Open 2007
2x2,"May 27, 2006",3.55,Anthony Hsu,United States,Trumbull Spring competition 2006
2x2,"Dec 11, 2005",3.94,Gunnar Krig,Sweden,Swedish Cube Day competition 2005
2x2,"May 28, 2005",4.13,Shotaro Makisumi (牧角章太郎),Japan,Horace Mann Spring competition 2005
2x2,"Apr 16, 2005",4.92,Shotaro Makisumi (牧角章太郎),Japan,Caltech Spring competition 2005
2x2,"Mar 27, 2005",6.35,Gunnar Krig,Sweden,SveKub Annual Meeting competition 2005
2x2,"Nov 27, 2004",8.44,Micael Hellberg,Sweden,Swedish Cube Day competition 2004
4x4,"Sep 13, 2019",17.42,Sebastian Weyer,Germany,Danish Open 2019
4x4,"Aug 02, 2019",18.25,Sebastian Weyer,Germany,German Nationals 2019
4x4,"May 27, 2018",18.42,Max Park,United States,SacCubing IV 2018
4x4,"Apr 21, 2018",18.84,Sebastian Weyer,Germany,German Open 2018
4x4,"Jun 22, 2017",19.36,Feliks Zemdegs,Australia,Latin America Cubing Tour - Arequipa 2017
4x4,"Jun 10, 2017",19.41,Sebastian Weyer,Germany,Berlin Summer Cube Days 2017
4x4,"Oct 02, 2015",21.54,Feliks Zemdegs,Australia,China Championship 2015
4x4,"Aug 08, 2014",21.97,Sebastian Weyer,Germany,Rubik's Cube European Championships 2014
4x4,"Apr 18, 2014",24.33,Sebastian Weyer,Germany,Velbert Easter Open 2014
4x4,"Jan 11, 2014",24.66,Feliks Zemdegs,Australia,Lifestyle Seasons Summer 2014
4x4,"Jan 03, 2014",24.67,Sebastian Weyer,Germany,Duisburg Winter 2014
4x4,"Jun 08, 2013",25.34,Feliks Zemdegs,Australia,Shepparton Winter 2013
4x4,"Feb 16, 2013",26.44,Sebastian Weyer,Germany,Velbert Open 2013
4x4,"Sep 01, 2012",26.75,Feliks Zemdegs,Australia,Australian Nationals 2012
4x4,"Apr 14, 2012",26.77,Mats Valk,Netherlands,German Open 2012
4x4,"Dec 17, 2011",30.02,Mats Valk,Netherlands,Dutch Nationals 2011
4x4,"Aug 27, 2011",30.28,Feliks Zemdegs,Australia,Australian Nationals 2011
4x4,"Jun 25, 2011",30.88,Feliks Zemdegs,Australia,Melbourne Winter Open 2011
4x4,"May 07, 2011",31.05,Feliks Zemdegs,Australia,Kubaroo Open 2011
4x4,"Apr 30, 2011",31.66,Sebastian Weyer,Germany,Hamburg Open 2011
4x4,"Nov 13, 2010",31.97,Feliks Zemdegs,Australia,Melbourne Cube Day 2010
4x4,"Oct 09, 2010",34.41,Feliks Zemdegs,Australia,Asian Championship 2010
4x4,"Oct 09, 2010",34.72,Feliks Zemdegs,Australia,Asian Championship 2010
4x4,"Jul 11, 2010",35.40,Haixu Zhang (张海旭),China,Guangzhou Big Cubes Competition 2010
4x4,"Jul 10, 2010",35.55,Feliks Zemdegs,Australia,New Zealand Championships 2010
4x4,"Oct 09, 2009",36.46,Dan Cohen,United States,World Rubik's Cube Championship 2009
4x4,"Aug 01, 2009",39.28,Shuhei Omura (大村周平),Japan,Japan Open 2009
4x4,"Apr 25, 2009",39.83,Erik Akkersdijk,Netherlands,German Open 2009
4x4,"Jan 10, 2009",40.05,Erik Akkersdijk,Netherlands,Aachen Open 2009
4x4,"Oct 04, 2008",41.16,Yumu Tabuchi (田渕雄夢),Japan,Japan Open 2008
4x4,"Sep 06, 2008",41.31,Erik Akkersdijk,Netherlands,Brussels Summer Open 2008
4x4,"Aug 23, 2008",43.72,Erik Akkersdijk,Netherlands,Dutch Masters 2008
4x4,"Aug 02, 2008",45.15,Keisuke Hiraya (平谷啓輔),Japan,Tokyo Open 2008
4x4,"Jun 14, 2008",46.03,Dan Cohen,United States,Da Vinci Science Center competition 2008
4x4,"Nov 10, 2007",46.63,Mátyás Kuti,Hungary,UK Open 2007
4x4,"Oct 14, 2006",51.16,Michael Fung,Netherlands,Dutch Open 2006
4x4,"Nov 05, 2005",54.13,Yuki Hayashi (林祐樹),Japan,Rubik's World Championship 2005
4x4,"Aug 13, 2005",55.38,Chris Hardwick,United States,Caltech Dallas Summer competition 2005
4x4,"Jul 10, 2005",1:00.38,Yuki Hayashi (林祐樹),Japan,Kyoto Rubik's Cube contest 2005
4x4,"Apr 22, 2005",1:01.52,Frédérick Badie,France,French Championship 2005
4x4,"Jan 15, 2005",1:08.12,Frank Morris,United States,Caltech Winter competition 2005
4x4,"Aug 07, 2004",1:09.11,Lars Vandenbergh,Belgium,European Rubik's Games Championship 2004
4x4,"Aug 07, 2004",1:12.49,Frédérick Badie,France,European Rubik's Games Championship 2004
4x4,"Jul 10, 2004",1:12.85,Chris Hardwick,United States,US Nationals 2004
4x4,"Aug 23, 2003",1:20.16,Masayuki Akimoto (秋元正行),Japan,World Rubik's Games Championship 2003
5x5,"Jan 25, 2020",34.92,Max Park,United States,Houston Winter 2020
5x5,"Jun 22, 2019",36.06,Max Park,United States,CubingUSA Western Championship 2019
5x5,"May 27, 2018",37.28,Max Park,United States,SacCubing IV 2018
5x5,"Apr 21, 2018",37.93,Feliks Zemdegs,Australia,Canberra Autumn 2018
5x5,"Jul 13, 2017",38.52,Feliks Zemdegs,Australia,World Rubik's Cube Championship 2017
5x5,"Jun 28, 2017",41.24,Feliks Zemdegs,Australia,Latin America Cubing Tour - Chía 2017
5x5,"Nov 05, 2016",41.27,Feliks Zemdegs,Australia,Melbourne Cube Days 2016
5x5,"Mar 19, 2016",44.83,Feliks Zemdegs,Australia,Cubing Classic 2016
5x5,"Nov 07, 2015",46.97,Feliks Zemdegs,Australia,Melbourne Cube Days 2015
5x5,"Oct 02, 2015",47.25,Feliks Zemdegs,Australia,China Championship 2015
5x5,"Aug 01, 2014",48.42,Feliks Zemdegs,Australia,US Nationals 2014
5x5,"Sep 07, 2013",50.50,Feliks Zemdegs,Australia,Australian Nationals 2013
5x5,"Sep 01, 2012",51.09,Feliks Zemdegs,Australia,Australian Nationals 2012
5x5,"Sep 01, 2012",51.31,Feliks Zemdegs,Australia,Australian Nationals 2012
5x5,"Aug 11, 2012",52.65,Kristopher De Asis,Canada,Vancouver Open Summer 2012
5x5,"Apr 08, 2012",54.86,Yu Nakajima (中島悠),Japan,Matsudo Spring 2012
5x5,"Oct 14, 2011",56.22,Feliks Zemdegs,Australia,World Rubik's Cube Championship 2011
5x5,"Oct 14, 2011",59.27,Feliks Zemdegs,Australia,World Rubik's Cube Championship 2011
5x5,"Aug 27, 2011",1:00.27,Feliks Zemdegs,Australia,Australian Nationals 2011
5x5,"Jan 29, 2011",1:01.59,Feliks Zemdegs,Australia,Melbourne Summer Open 2011
5x5,"Sep 04, 2010",1:02.93,Feliks Zemdegs,Australia,Australian Nationals 2010
5x5,"Aug 06, 2010",1:04.33,Dan Cohen,United States,United States Rubik's Cube Championships 2010
5x5,"Jul 24, 2010",1:06.93,Shuhei Omura (大村周平),Japan,30th Anniversary MegaHouse Cup 2010
5x5,"Jul 26, 2009",1:07.25,Dan Cohen,United States,Big Cubes Summer competition 2009
5x5,"Jul 17, 2009",1:11.02,Erik Akkersdijk,Netherlands,Czech Open 2009
5x5,"Apr 04, 2009",1:13.22,Erik Akkersdijk,Netherlands,Danish Open 2009
5x5,"Feb 08, 2009",1:13.28,Hsuan Chang (張璿),Taiwan,Taiwan Winter Open 2009
5x5,"Oct 11, 2008",1:16.21,Erik Akkersdijk,Netherlands,Danish Cube Day 2008
5x5,"Sep 19, 2008",1:18.59,Erik Akkersdijk,Netherlands,European Championship 2008
5x5,"Jul 19, 2008",1:20.98,Dan Cohen,United States,US Nationals and Open 2008
5x5,"Apr 05, 2008",1:23.83,Erik Akkersdijk,Netherlands,Madrid Open 2008
5x5,"Mar 29, 2008",1:27.43,Takayuki Ookusa (大艸尊之),Japan,Osaka Open 2008
5x5,"Feb 02, 2008",1:28.66,Erik Akkersdijk,Netherlands,Belgian Open 2008
5x5,"Dec 15, 2007",1:30.03,Erik Akkersdijk,Netherlands,Swedish Cube Day competition 2007
5x5,"Nov 10, 2007",1:30.58,Mátyás Kuti,Hungary,UK Open 2007
5x5,"Jul 28, 2007",1:38.78,Takayuki Ookusa (大艸尊之),Japan,Japan Open 2007
5x5,"Feb 24, 2007",1:44.47,Frédérick Badie,France,Belgian Open 2007
5x5,"Oct 21, 2006",1:46.28,Frank Morris,United States,G-Wiz Fall competition 2006
5x5,"May 06, 2006",1:47.22,Ron van Bruchem,Netherlands,Belgian Open 2006
5x5,"Aug 13, 2005",1:51.41,Frank Morris,United States,Caltech Dallas Summer competition 2005
5x5,"Aug 07, 2004",2:08.45,Lars Vandenbergh,Belgium,European Rubik's Games Championship 2004
5x5,"Aug 23, 2003",2:19.69,David Wesley,Sweden,World Rubik's Games Championship 2003
6x6,"Jan 25, 2020",1:09.51,Max Park,United States,Houston Winter 2020
6x6,"Aug 17, 2018",1:13.82,Max Park,United States,WCA Asian Championship 2018
6x6,"May 19, 2018",1:14.86,Max Park,United States,A Bruin Cube Day 2018
6x6,"May 06, 2018",1:19.46,Max Park,United States,Qualifornia 2018
6x6,"Jan 27, 2018",1:19.60,Max Park,United States,SacCubing III 2018
6x6,"Jul 13, 2017",1:20.03,Feliks Zemdegs,Australia,World Rubik's Cube Championship 2017
6x6,"Jul 08, 2017",1:20.37,Feliks Zemdegs,Australia,London Open 2017
6x6,"Jan 21, 2017",1:27.85,Feliks Zemdegs,Australia,Adelaide Summer 2017
6x6,"Dec 17, 2016",1:32.47,Feliks Zemdegs,Australia,Sydney Championship 2016
6x6,"Oct 01, 2016",1:32.77,Kevin Hays,United States,Asian Championship 2016
6x6,"Jun 12, 2015",1:33.55,Kevin Hays,United States,Indiana 2015
6x6,"Aug 03, 2013",1:40.86,Kevin Hays,United States,Vancouver Open Summer 2013
6x6,"May 05, 2012",1:49.46,Kevin Hays,United States,Couve Cubing 2012
6x6,"Dec 10, 2011",1:54.81,Kevin Hays,United States,Vancouver Winter 2011
6x6,"Aug 27, 2011",1:56.96,Feliks Zemdegs,Australia,Australian Nationals 2011
6x6,"Aug 12, 2011",2:02.31,Kevin Hays,United States,United States National Championships 2011
6x6,"Jan 29, 2011",2:05.88,Feliks Zemdegs,Australia,Melbourne Summer Open 2011
6x6,"Oct 23, 2010",2:13.90,Bence Barát,Hungary,V-CUBE Spiel 2010
6x6,"Nov 28, 2009",2:15.53,Michał Halczuk,Poland,Silesia Open 2009
6x6,"Jul 26, 2009",2:18.81,Dan Cohen,United States,Big Cubes Summer competition 2009
6x6,"Mar 28, 2009",2:23.63,Dan Cohen,United States,Ohio Open 2009
6x6,"Feb 21, 2009",2:33.55,Michał Halczuk,Poland,Polish Nationals 2009
6x6,"Feb 07, 2009",2:56.34,Dan Cohen,United States,Newark Winter 2009
6x6,"Feb 07, 2009",3:44.84,Claes Hedin,Sweden,Norrköping Open 2009
7x7,"Aug 01, 2019",1:40.89,Max Park,United States,CubingUSA Nationals 2019
7x7,"Jul 11, 2019",1:44.02,Max Park,United States,WCA World Championship 2019
7x7,"Jul 14, 2018",1:47.89,Max Park,United States,West Coast Cubing Tour - Fresno 2018
7x7,"Jun 08, 2018",1:57.76,Kevin Hays,United States,Rose City 2018
7x7,"Apr 14, 2018",1:59.89,Max Park,United States,Cerritos Open 2018
7x7,"Mar 09, 2018",1:59.95,Kevin Hays,United States,CubingUSA Heartland Championship 2018
7x7,"Jul 13, 2017",2:06.73,Feliks Zemdegs,Australia,World Rubik's Cube Championship 2017
7x7,"Jul 08, 2017",2:14.09,Feliks Zemdegs,Australia,London Open 2017
7x7,"May 20, 2017",2:14.55,Wong Kin Lok (黃健樂),Hong Kong,Wuhan NxN Open 2017
7x7,"Mar 18, 2017",2:18.13,Feliks Zemdegs,Australia,Cubing Classic 2017
7x7,"Jul 15, 2016",2:20.66,Feliks Zemdegs,Australia,European Rubik's Cube Championship 2016
7x7,"Jul 17, 2015",2:23.55,Feliks Zemdegs,Australia,World Rubik's Cube Championship 2015
7x7,"May 30, 2015",2:34.64,Michał Halczuk,Poland,Speed Days Kraśnik 2015
7x7,"Mar 13, 2015",2:36.58,Vladislav Shavelskiy,Russia,Moscow Spring Open 2015
7x7,"Oct 04, 2014",2:38.93,Vladislav Shavelskiy,Russia,CCC Autumn Open 2014
7x7,"Mar 02, 2014",2:39.41,Lin Chen (陈霖),China,Shanghai Spring 2014
7x7,"Aug 24, 2013",2:40.11,Bence Barát,Hungary,Austrian Big Cube Open 2013
7x7,"Sep 22, 2012",2:41.63,Lin Chen (陈霖),China,Hangzhou Open 2012
7x7,"Sep 22, 2012",2:54.56,Lin Chen (陈霖),China,Hangzhou Open 2012
7x7,"Jul 29, 2012",3:05.80,Lin Chen (陈霖),China,Qingdao Open 2012
7x7,"Jul 21, 2012",3:10.71,Lin Chen (陈霖),China,Shanghai Summer 2012
7x7,"Mar 10, 2012",3:13.11,Lin Chen (陈霖),China,Hefei Spring 2012
7x7,"Aug 13, 2011",3:13.19,Michał Halczuk,Poland,Polish Nationals 2011
7x7,"Jul 23, 2011",3:17.97,Michał Halczuk,Poland,Swierklany Open 2011
7x7,"Sep 18, 2010",3:25.91,Michał Halczuk,Poland,Pabianice Open 2010
7x7,"Sep 18, 2010",3:28.72,Michał Halczuk,Poland,Pabianice Open 2010
7x7,"Jul 31, 2010",3:33.25,Bence Barát,Hungary,Austrian Open 2010
7x7,"Jul 16, 2010",3:37.38,Bence Barát,Hungary,Czech Open 2010
7x7,"Oct 09, 2009",3:43.15,Michał Halczuk,Poland,World Rubik's Cube Championship 2009
7x7,"Mar 28, 2009",3:47.36,Yu Nakajima (中島悠),Japan,Osaka Open 2009
7x7,"Feb 21, 2009",3:56.06,Michał Halczuk,Poland,Polish Nationals 2009
7x7,"Feb 14, 2009",4:16.47,Michael Gottlieb,United States,EPGY Stanford Winter 2009
7x7,"Feb 08, 2009",4:49.13,Hsuan Chang (張璿),Taiwan,Taiwan Winter Open 2009
7x7,"Feb 07, 2009",6:07.00,Claes Hedin,Sweden,Norrköping Open 2009
3x3 Blindfolded,"Aug 01, 2019",15.50,Max Hilliard,United States,CubingUSA Nationals 2019
3x3 Blindfolded,"Apr 06, 2019",16.22,Jack Cai,Australia,Koalafication Brisbane 2019
3x3 Blindfolded,"Dec 08, 2018",16.55,Max Hilliard,United States,Puget Sound NxNxN 2018
3x3 Blindfolded,"Sep 22, 2018",17.20,Jeff Park,United States,DFW Cubing Fiesta September 2018
3x3 Blindfolded,"Jul 21, 2018",17.33,Jeff Park,United States,DFW Cubing Fiesta July 2018
3x3 Blindfolded,"Jul 14, 2018",17.55,Max Hilliard,United States,Mental Breakdown Summer 2018
3x3 Blindfolded,"Jun 09, 2018",17.85,Jeff Park,United States,Dallas Fort Worth 2018
3x3 Blindfolded,"Nov 19, 2017",17.87,Max Hilliard,United States,Texas BLD Showdown 2017
3x3 Blindfolded,"Jun 24, 2017",18.31,Gianfranco Huanqui,Peru,Latin America Cubing Tour - Lima 2017
3x3 Blindfolded,"Nov 05, 2016",18.50,Kaijun Lin (林恺俊),China,Shanghai Winter is Coming 2016
3x3 Blindfolded,"Oct 02, 2015",21.05,Kaijun Lin (林恺俊),China,China Championship 2015
3x3 Blindfolded,"Nov 29, 2014",21.17,Marcin Kowalczyk,Poland,PLS Szczecin 2014
3x3 Blindfolded,"Aug 23, 2014",23.19,Marcin Kowalczyk,Poland,Bydgoszcz Summer 2014
3x3 Blindfolded,"Jun 29, 2013",23.80,Marcin Zalewski,Poland,Polish Nationals 2013
3x3 Blindfolded,"Oct 12, 2012",26.36,Marcell Endrey,Hungary,European Rubik's Cube Championship 2012
3x3 Blindfolded,"Apr 28, 2012",27.65,Marcell Endrey,Hungary,Zune Open 2012
3x3 Blindfolded,"Feb 25, 2012",28.80,Marcell Endrey,Hungary,Zonhoven Open 2012
3x3 Blindfolded,"Oct 03, 2011",30.58,Yuhui Xu (许宇辉),China,Suzhou Open 2011
3x3 Blindfolded,"Dec 11, 2010",30.90,Gabriel Alejandro Orozco Casillas,Mexico,Tulancingo Open 2010
3x3 Blindfolded,"Apr 04, 2010",30.94,Haiyan Zhuang (庄海燕),China,Xi'an Spring 2010
3x3 Blindfolded,"Feb 07, 2010",32.27,Haiyan Zhuang (庄海燕),China,Shanghai Winter Cubing Festival 2010
3x3 Blindfolded,"Feb 07, 2010",35.91,Haiyan Zhuang (庄海燕),China,Shanghai Winter Cubing Festival 2010
3x3 Blindfolded,"Aug 16, 2009",35.96,Haiyan Zhuang (庄海燕),China,Beijing Summer Open 2009
3x3 Blindfolded,"Jul 18, 2009",45.55,Haiyan Zhuang (庄海燕),China,Hong Kong Open 2009
3x3 Blindfolded,"May 02, 2009",47.22,Haiyan Zhuang (庄海燕),China,Beijing Metropolis Open 2009
3x3 Blindfolded,"Dec 06, 2008",48.05,Ville Seppänen,Finland,Swedish Cube Day competition 2008
3x3 Blindfolded,"Oct 25, 2008",54.06,Ville Seppänen,Finland,Tampere Open 2008
3x3 Blindfolded,"Jun 07, 2008",54.22,Rafał Guzewicz,Poland,Polish Open 2008
3x3 Blindfolded,"Mar 22, 2008",1:00.62,Alexander Yu,United States,Princeton Open 2008
3x3 Blindfolded,"Dec 15, 2007",1:10.27,Danyang Chen (陈丹阳),China,Beijing Open 2007
3x3 Blindfolded,"May 19, 2007",1:15.60,Chris Krueger,United States,Canadian Open 2007
3x3 Blindfolded,"Mar 11, 2006",1:28.82,Leyan Lo,United States,Chattahoochee Spring competition 2006
3x3 Blindfolded,"Nov 05, 2005",1:46.47,Leyan Lo,United States,Rubik's World Championship 2005
3x3 Blindfolded,"Sep 17, 2005",1:58.32,Tyson Mao (毛台勝),United States,Northern California Fall Open 2005
3x3 Blindfolded,"Aug 13, 2005",2:18.58,Shotaro Makisumi (牧角章太郎),Japan,Caltech Dallas Summer competition 2005
3x3 Blindfolded,"Apr 16, 2005",2:41.54,Leyan Lo,United States,Caltech Spring competition 2005
3x3 Blindfolded,"Jan 15, 2005",2:57.97,Shotaro Makisumi (牧角章太郎),Japan,Caltech Winter competition 2005
3x3 Blindfolded,"Oct 16, 2004",3:10.54,Shotaro Makisumi (牧角章太郎),Japan,Caltech Fall competition 2004
3x3 Blindfolded,"Jul 10, 2004",3:36.85,Shotaro Makisumi (牧角章太郎),Japan,US Nationals 2004
3x3 Blindfolded,"Aug 23, 2003",3:56.00,Dror Vomberg,Israel,World Rubik's Games Championship 2003
3x3 FMC,"Jun 15, 2019",16,Sebastiano Tronto,Italy,FMC 2019
3x3 FMC,"Jun 08, 2019",17,Mark Boyanowski,United States,Mental Breakdown Minnesota 2019
3x3 FMC,"Jan 19, 2019",17,Harry Savage,United Kingdom,The Great British Blind Off 2019
3x3 FMC,"Oct 26, 2018",18,Chad Batten,United States,GA Cubers Mountain Trip 2018
3x3 FMC,"Oct 26, 2018",19,Kacper Rafalski,Poland,Polish Championship 2018
3x3 FMC,"Oct 26, 2018",19,Szymon Jeziorski,Poland,Polish Championship 2018
3x3 FMC,"Apr 30, 2018",19,Baiqiang Dong (董百强),China,Beijing Open 2018
3x3 FMC,"Aug 27, 2016",19,Uladzislau Ushakov (Владислав Ушаков),Belarus,PSU Open 2016
3x3 FMC,"Jan 09, 2016",19,Marcel Peters,Germany,Cubelonia 2016
3x3 FMC,"Oct 11, 2015",19,Tim Wong,United States,Irvine Fall 2015
3x3 FMC,"Jul 10, 2015",20,Rami Sbahi,United States,Michigan 2015
3x3 FMC,"Jul 13, 2012",20,Tomoaki Okayama (岡山友昭),Japan,Czech Open 2012
3x3 FMC,"Jul 16, 2010",22,István Kocza,Hungary,Czech Open 2010
3x3 FMC,"Apr 24, 2009",22,Jimmy Coll,Belgium,Barcelona Open 2009
3x3 FMC,"Aug 23, 2008",27,Guus Razoux Schultz,Netherlands,Dutch Masters 2008
3x3 FMC,"Sep 16, 2006",28,Zbigniew Zborowski,Poland,Polish Open 2006
3x3 FMC,"Jan 15, 2005",28,Mirek Goljan,Czech Republic,Caltech Winter competition 2005
3x3 FMC,"Aug 23, 2003",29,Mirek Goljan,Czech Republic,World Rubik's Games Championship 2003
3x3 OH,"Oct 12, 2019",6.82,Max Park,United States,Bay Area Speedcubin' 20 2019
3x3 OH,"May 09, 2015",6.88,Feliks Zemdegs,Australia,Canberra Autumn 2015
3x3 OH,"May 02, 2015",8.27,Haixin Yang (杨海鑫),China,Chengdu Open 2015
3x3 OH,"Nov 22, 2014",8.75,Antoine Cantin,Canada,Toronto Open Fall 2014
3x3 OH,"Jan 11, 2014",9.03,Feliks Zemdegs,Australia,Lifestyle Seasons Summer 2014
3x3 OH,"Nov 16, 2013",9.05,Feliks Zemdegs,Australia,Melbourne Cube Day 2013
3x3 OH,"Dec 08, 2012",9.43,Giovanni Contardi,Italy,Italian Championship 2012
3x3 OH,"Dec 17, 2011",9.53,Michał Pleskowicz,Poland,Kociewie Open 2011
3x3 OH,"Jul 23, 2011",10.68,Piotr Tomczyk,Poland,Swierklany Open 2011
3x3 OH,"May 07, 2011",11.16,Feliks Zemdegs,Australia,Kubaroo Open 2011
3x3 OH,"Aug 28, 2010",11.19,Piotr Alexandrowicz,Poland,Polish Nationals 2010
3x3 OH,"Aug 14, 2010",11.69,Piti Pichedpan (ปิติ พิเชษฐพันธ์),Thailand,Hanoi Open 2010
3x3 OH,"Jan 16, 2010",11.97,Chris Dzoan,United States,Bayview Hills Open 2010
3x3 OH,"Sep 05, 2009",13.80,Gunnar Krig,Sweden,Swedish Open 2009
3x3 OH,"Sep 20, 2008",14.34,SeungWoon Lee (이승운),Republic of Korea,Seoul Cube Championship 2008
3x3 OH,"Aug 02, 2008",14.56,Yu Nakajima (中島悠),Japan,Tokyo Open 2008
3x3 OH,"May 24, 2008",14.80,Ryan Patricio,United States,San Diego Open 2008
3x3 OH,"Aug 09, 2007",15.81,Thibaut Jacquinot,France,Murcia Open 2007
3x3 OH,"Jun 16, 2007",16.36,Chris Dzoan,United States,US Open 2007
3x3 OH,"Jan 13, 2007",17.90,Dan Dzoan,United States,Caltech Winter competition 2007
3x3 OH,"Jan 07, 2007",19.34,JeongMin Yu (유정민),Republic of Korea,KCRC Championship 2007
3x3 OH,"Apr 15, 2006",20.09,Ryan Patricio,United States,Caltech Spring competition 2006
3x3 OH,"Oct 22, 2005",22.05,Ryan Patricio,United States,Caltech Fall competition 2005
3x3 OH,"May 28, 2005",23.76,Shotaro Makisumi (牧角章太郎),Japan,Horace Mann Spring competition 2005
3x3 OH,"Jul 10, 2004",25.95,Chris Hardwick,United States,US Nationals 2004
3x3 OH,"Jul 10, 2004",42.09,Chris Hardwick,United States,US Nationals 2004
3x3 OH,"Apr 03, 2004",43.31,Shotaro Makisumi (牧角章太郎),Japan,Caltech Spring competition 2004
3x3 OH,"Aug 23, 2003",44.98,Chris Hardwick,United States,World Rubik's Games Championship 2003
Clock,"Mar 23, 2019",3.29,Suen Ming Chi (孫銘志),Hong Kong,GDSY Open 2019
Clock,"Jul 21, 2018",3.40,Yunhao Lou (娄云皓),China,Shenzhen Open 2018
Clock,"Jun 20, 2015",3.73,Nathaniel Berg,Sweden,Danish Open Championships 2015
Clock,"Apr 04, 2015",4.80,Evan Liu,United States,Xi'an Cherry Blossom 2015
Clock,"Feb 22, 2015",5.25,Nathaniel Berg,Sweden,Generalforsamlingen 2015
Clock,"Dec 24, 2011",5.27,Sam Zhixiao Wang (王志骁),China,Shanghai Snowball Winter 2011
Clock,"Dec 24, 2011",5.65,Sam Zhixiao Wang (王志骁),China,Shanghai Snowball Winter 2011
Clock,"Oct 14, 2011",5.83,Javier Tirado Ortiz,Spain,World Rubik's Cube Championship 2011
Clock,"Jul 30, 2011",5.88,Sam Zhixiao Wang (王志骁),China,Guildford Summer Open 2011
Clock,"Aug 06, 2010",6.25,David Woner,United States,United States Rubik's Cube Championships 2010
Clock,"Jun 06, 2010",6.36,Yu Sajima (佐島優),Japan,Kawasaki Open 2010
Clock,"Mar 27, 2010",6.90,Taki Sugimoto (杉本太暉),Japan,Japan Open 2010
Clock,"Nov 21, 2009",6.93,Olivér Perge,Hungary,Bristol Open 2009
Clock,"May 02, 2009",7.08,David Woner,United States,Carnegie Mellon Spring 2009
Clock,"Jul 14, 2007",7.69,Mátyás Kuti,Hungary,Czech Open 2007
Clock,"Nov 05, 2005",8.39,Stefan Pochmann,Germany,Rubik's World Championship 2005
Clock,"Oct 10, 2004",9.05,Stefan Pochmann,Germany,Dutch Open 2004
Clock,"Apr 24, 2004",9.54,Stefan Pochmann,Germany,German Open 2004
Clock,"Aug 23, 2003",38.97,Jaap Scherphuis,Netherlands,World Rubik's Games Championship 2003
Megaminx,"Dec 21, 2019",27.22,Juan Pablo Huanqui,Peru,La Tienda Cubera Christmas 2019
Megaminx,"Jul 27, 2018",27.81,Juan Pablo Huanqui,Peru,CubingUSA Nationals 2018
Megaminx,"Jul 19, 2018",29.49,Juan Pablo Huanqui,Peru,WCA European Championship 2018
Megaminx,"Jun 10, 2017",29.93,Juan Pablo Huanqui,Peru,Latin America Cubing Tour - Santiago 2017
Megaminx,"May 21, 2017",31.53,Juan Pablo Huanqui,Peru,Rubik Pro 2017
Megaminx,"Dec 11, 2016",33.17,Yu Da-Hyun (유다현),Republic of Korea,Busan Winter 2016
Megaminx,"Oct 29, 2016",34.40,Juan Pablo Huanqui,Peru,Torneo de Speedcubers 2016
Megaminx,"Aug 27, 2016",35.18,Juan Pablo Huanqui,Peru,Lima Rubik 2016
Megaminx,"Jul 29, 2016",35.50,Juan Pablo Huanqui,Peru,US Nationals 2016
Megaminx,"May 21, 2016",35.94,Nicolas Naing,United States,Big Apple Spring 2016
Megaminx,"Apr 11, 2015",37.58,Yu Da-Hyun (유다현),Republic of Korea,Spring Comes 2015
Megaminx,"Nov 01, 2014",37.83,Yu Da-Hyun (유다현),Republic of Korea,Asian Championship 2014
Megaminx,"Aug 08, 2014",39.57,Louis Cormier,Canada,Rubik's Cube European Championships 2014
Megaminx,"Apr 22, 2011",42.28,Simon Westlund,Sweden,Danish Open 2011
Megaminx,"Jan 22, 2011",46.81,Simon Westlund,Sweden,Helsinki Open 2011
Megaminx,"Oct 01, 2010",47.53,Bálint Bodor,Hungary,European Rubik's Cube Championship 2010
Megaminx,"Apr 24, 2010",49.71,Bálint Bodor,Hungary,Slovenian Open 2010
Megaminx,"Oct 09, 2009",57.94,Bálint Bodor,Hungary,World Rubik's Cube Championship 2009
Megaminx,"Jan 12, 2009",59.33,Takumi Yoshida (吉田匠),Japan,Amagasaki Open 2009
Megaminx,"Feb 02, 2008",1:01.78,Erik Akkersdijk,Netherlands,Belgian Open 2008
Megaminx,"Dec 15, 2007",1:12.59,Erik Akkersdijk,Netherlands,Swedish Cube Day competition 2007
Megaminx,"Oct 13, 2007",1:14.90,Erik Akkersdijk,Netherlands,Dutch Open 2007
Megaminx,"Oct 05, 2007",1:17.46,Erik Akkersdijk,Netherlands,World Rubik's Cube Championship 2007
Megaminx,"Oct 14, 2006",1:23.55,Stefan Pochmann,Germany,Dutch Open 2006
Megaminx,"Sep 23, 2006",1:29.05,Stefan Pochmann,Germany,European Rubik's Cube Championship 2006
Megaminx,"Apr 21, 2006",1:32.30,Stefan Pochmann,Germany,German Open 2006
Megaminx,"Nov 05, 2005",1:41.82,Stefan Pochmann,Germany,Rubik's World Championship 2005
Megaminx,"Apr 23, 2005",1:55.34,Stefan Pochmann,Germany,German Open 2005
Megaminx,"Aug 23, 2003",2:12.82,Grant Tregay,United States,World Rubik's Games Championship 2003
Pyraminx,"Jun 23, 2018",0.91,Dominik Górny,Poland,Byczy Cube Race 2018
Pyraminx,"Jun 02, 2018",1.10,Yulun Wu (吴宇伦),China,Lishui University Open 2018
Pyraminx,"Apr 21, 2018",1.19,Dominik Górny,Poland,LLS IV 2018
Pyraminx,"Jan 13, 2018",1.20,Tymon Kolasiński,Poland,Speed Days Kraśnik 2018
Pyraminx,"Jun 17, 2017",1.28,Benjamin Kyle,Canada,Newmarket Open 2017
Pyraminx,"Oct 24, 2015",1.32,Drew Brads,United States,Lexington Fall 2015
Pyraminx,"Mar 30, 2013",1.36,Oscar Roth Andersen,Denmark,Danish Special 2013
Pyraminx,"Apr 14, 2012",1.61,Brúnó Bereczki,Hungary,Slovenian Open 2012
Pyraminx,"Jul 30, 2011",1.93,Yohei Oka (岡要平),Japan,Japan Open 2011
Pyraminx,"Apr 02, 2011",2.36,Oscar Roth Andersen,Denmark,Vejstrup Open 2011
Pyraminx,"Jan 29, 2011",2.40,Oscar Roth Andersen,Denmark,Fredericia Open 2011
Pyraminx,"Oct 01, 2010",2.65,Brúnó Bereczki,Hungary,European Rubik's Cube Championship 2010
Pyraminx,"Feb 24, 2008",2.83,Tomasz Kiedrowicz,Poland,Gdansk Open 2008
Pyraminx,"Sep 16, 2006",4.18,Piotr Kózka,Poland,Polish Open 2006
Pyraminx,"Sep 16, 2006",6.36,Piotr Kózka,Poland,Polish Open 2006
Pyraminx,"Sep 10, 2005",6.55,Gunnar Krig,Sweden,Swedish Open 2005
Pyraminx,"Mar 27, 2005",13.96,Gunnar Krig,Sweden,SveKub Annual Meeting competition 2005
Pyraminx,"Aug 23, 2003",14.09,Andy Bellenir,United States,World Rubik's Games Championship 2003
Skewb,"Jul 11, 2019",0.93,Andrew Huang,Australia,WCA World Championship 2019
Skewb,"Oct 17, 2015",1.10,Jonatan Kłosko,Poland,ŚLS Wodzisław Śląski 2015
Skewb,"Sep 26, 2015",1.67,Michał Rzewuski,Poland,Masovian Open 2015
Skewb,"Jul 17, 2015",1.68,Jan Bentlage,Germany,World Rubik's Cube Championship 2015
Skewb,"Jul 11, 2015",1.69,Lee Chiang (蔣礪),Taiwan,Taiwan Open 2015
Skewb,"Dec 06, 2014",1.81,Jonatan Kłosko,Poland,Santa Claus Cube Race 2014
Skewb,"Jul 26, 2014",2.19,Jonatan Kłosko,Poland,Kielce Cube Attack 2014
Skewb,"Feb 09, 2014",2.19,Brandon Harnish,United States,Bay Area Speedcubin' 2 2014
Skewb,"Feb 08, 2014",3.21,Mharr Justhinne Ampong,Philippines,Pangasinan Northern Express Open 2014
Skewb,"Jan 11, 2014",4.27,Jayden McNeill,Australia,Lifestyle Seasons Summer 2014
Skewb,"Jan 04, 2014",4.63,Walker Welch,United States,Houston Winter Open 2014
Skewb,"Jan 01, 2014",9.21,Santosh Tantravahi,India,Telesis Open 2014
Square-1,"Sep 04, 2020",4.59,Martin Vædele Egdal,Denmark,Danish Championship 2020
Square-1,"May 25, 2019",4.95,Jackey Zheng,United States,Brooklyn 2019
Square-1,"May 03, 2019",4.98,Tijmen van der Ree,Netherlands,Mental Breakdown Capelle 2019
Square-1,"Oct 20, 2018",5.00,Vicenzo Guerino Cecchini,Brazil,Schoolmark Open 2018
Square-1,"Jul 27, 2018",5.49,Daniel Karnaukh,United States,CubingUSA Nationals 2018
Square-1,"Mar 31, 2018",5.66,Rasmus Stub Detlefsen,Denmark,Royal Corner Twist 2018
Square-1,"Sep 23, 2017",5.73,Charlie Stark,United Kingdom,Guildford Open 2017
Square-1,"May 06, 2017",5.88,Nathan Dwyer,United States,Buzzer Beater 2017
Square-1,"Apr 29, 2017",6.67,Helmer Ewert,Sweden,Swedish Decathlon Challenge 2017
Square-1,"Jun 25, 2016",6.84,Tommy Szeliga,United States,Indiana 2016
Square-1,"May 18, 2014",6.96,Bingliang Li (李炳良),China,Guangzhou Wushan Open 2014
Square-1,"Nov 02, 2013",7.41,Andrea Santambrogio,Italy,Legnano Open 2013
Square-1,"Oct 03, 2010",8.65,Bingliang Li (李炳良),China,Guangdong Open 2010
Square-1,"Aug 28, 2010",9.93,Piotr Michał Padlewski,Poland,Polish Nationals 2010
Square-1,"Aug 06, 2010",10.90,Andrew Nelson,United States,United States Rubik's Cube Championships 2010
Square-1,"Mar 27, 2010",10.93,Simon Crawford,United Kingdom,Bristol Spring 2010
Square-1,"Oct 09, 2009",10.96,Piotr Michał Padlewski,Poland,World Rubik's Cube Championship 2009
Square-1,"Aug 16, 2009",12.05,Jianwei Zhu (朱剑伟),China,Beijing Summer Open 2009
Square-1,"Jul 17, 2009",12.50,Piotr Michał Padlewski,Poland,Czech Open 2009
Square-1,"Oct 25, 2008",13.55,Grzegorz Prusak,Poland,Poznan Open 2008
Square-1,"Sep 15, 2007",13.56,Grzegorz Prusak,Poland,Polish Open 2007
Square-1,"Jul 08, 2007",16.45,Grzegorz Prusak,Poland,Wroclaw Open 2007
Square-1,"Feb 24, 2007",19.46,Lars Vandenbergh,Belgium,Belgian Open 2007
Square-1,"Oct 14, 2006",23.65,Michael Fung,Netherlands,Dutch Open 2006
Square-1,"May 06, 2006",25.04,Lars Vandenbergh,Belgium,Belgian Open 2006
Square-1,"Oct 10, 2004",25.29,Lars Vandenbergh,Belgium,Dutch Open 2004
Square-1,"Oct 10, 2004",32.62,Mike Godfrey,United Kingdom,Dutch Open 2004
Square-1,"Aug 23, 2003",41.80,Lars Vandenbergh,Belgium,World Rubik's Games Championship 2003
4x4 Blindfolded,"Dec 15, 2019",1:02.51,Stanley Chapel,United States,Michigan Cubing Club Epsilon 2019
4x4 Blindfolded,"Nov 08, 2019",1:06.23,Stanley Chapel,United States,OSU Blind Weekend 2019
4x4 Blindfolded,"Aug 01, 2019",1:06.84,Stanley Chapel,United States,CubingUSA Nationals 2019
4x4 Blindfolded,"Jul 11, 2019",1:08.07,Stanley Chapel,United States,WCA World Championship 2019
4x4 Blindfolded,"Apr 27, 2019",1:10.68,Stanley Chapel,United States,Mental Breakdown Washington 2019
4x4 Blindfolded,"Apr 27, 2019",1:19.20,Stanley Chapel,United States,Mental Breakdown Washington 2019
4x4 Blindfolded,"Jun 30, 2018",1:26.41,Kaijun Lin (林恺俊),China,Please Be Quiet Beijing 2018
4x4 Blindfolded,"May 18, 2018",1:29.42,Stanley Chapel,United States,CubingUSA Great Lakes Championship 2018
4x4 Blindfolded,"Jul 28, 2017",1:34.66,Kaijun Lin (林恺俊),China,China Championship 2017
4x4 Blindfolded,"Dec 11, 2016",1:41.90,Kaijun Lin (林恺俊),China,Big 'n Blind 2016
4x4 Blindfolded,"Nov 05, 2016",2:02.49,Kaijun Lin (林恺俊),China,Shanghai Winter is Coming 2016
4x4 Blindfolded,"Jul 04, 2015",2:02.75,Oliver Frost,United Kingdom,Irish Championship 2015
4x4 Blindfolded,"Mar 21, 2015",2:10.47,Oliver Frost,United Kingdom,Edinburgh Spring 2015
4x4 Blindfolded,"Oct 11, 2014",2:18.65,Oliver Frost,United Kingdom,Cuthberts Open 2014
4x4 Blindfolded,"Aug 23, 2014",2:25.27,Oliver Frost,United Kingdom,ABHC 2014
4x4 Blindfolded,"May 17, 2014",2:30.47,Oliver Frost,United Kingdom,Oxford Open 2014
4x4 Blindfolded,"Apr 20, 2013",2:30.62,Marcell Endrey,Hungary,Slovenian Open 2013
4x4 Blindfolded,"Jul 13, 2012",2:48.88,Marcell Endrey,Hungary,Czech Open 2012
4x4 Blindfolded,"Feb 11, 2012",3:17.41,Daniel Sheppard,United Kingdom,Irish Open 2012
4x4 Blindfolded,"Jul 30, 2011",3:26.11,Daniel Sheppard,United Kingdom,Guildford Summer Open 2011
4x4 Blindfolded,"Jan 29, 2011",3:37.80,Feliks Zemdegs,Australia,Melbourne Summer Open 2011
4x4 Blindfolded,"Jan 16, 2010",4:42.34,Ville Seppänen,Finland,Aachen Open 2010
4x4 Blindfolded,"Mar 21, 2009",4:46.19,Chris Hardwick,United States,Chattahoochee Spring competition 2009
4x4 Blindfolded,"Dec 06, 2008",6:05.21,Ville Seppänen,Finland,Swedish Cube Day competition 2008
4x4 Blindfolded,"Nov 24, 2007",6:20.96,Chris Hardwick,United States,Virginia Open 2007
4x4 Blindfolded,"Oct 21, 2006",8:04.90,Chris Hardwick,United States,G-Wiz Fall competition 2006
4x4 Blindfolded,"Aug 04, 2006",12:12.00,Chris Hardwick,United States,US Nationals 2006
4x4 Blindfolded,"Aug 07, 2004",19:14.00,Dror Vomberg,Israel,European Rubik's Games Championship 2004
4x4 Blindfolded,"Aug 23, 2003",22:35.00,Dror Vomberg,Israel,World Rubik's Games Championship 2003
5x5 Blindfolded,"Dec 15, 2019",2:21.62,Stanley Chapel,United States,Michigan Cubing Club Epsilon 2019
5x5 Blindfolded,"Jul 11, 2019",2:38.77,Stanley Chapel,United States,WCA World Championship 2019
5x5 Blindfolded,"Jun 22, 2019",2:48.19,Stanley Chapel,United States,Bulldog Qualifier 2019
5x5 Blindfolded,"Mar 08, 2019",2:49.42,Stanley Chapel,United States,CubingUSA Oregon Championship 2019
5x5 Blindfolded,"Dec 01, 2018",3:01.01,Stanley Chapel,United States,Shaker Fall 2018
5x5 Blindfolded,"Oct 20, 2018",3:34.41,Stanley Chapel,United States,Flag City Fall 2018
5x5 Blindfolded,"Oct 06, 2018",3:40.84,Stanley Chapel,United States,OSU Blind Weekend 2018
5x5 Blindfolded,"Jul 27, 2018",3:45.42,Stanley Chapel,United States,CubingUSA Nationals 2018
5x5 Blindfolded,"Feb 24, 2018",3:46.56,Kaijun Lin (林恺俊),China,Singapore Cube Championship 2018
5x5 Blindfolded,"Jun 24, 2017",3:47.50,Kaijun Lin (林恺俊),China,Beijing Open 2017
5x5 Blindfolded,"Apr 15, 2017",4:10.00,Kaijun Lin (林恺俊),China,Nanchang Spring 2017
5x5 Blindfolded,"Apr 02, 2017",4:11.93,Kaijun Lin (林恺俊),China,Xi'an Cherry Blossom 2017
5x5 Blindfolded,"Nov 25, 2016",4:42.06,Roman Strakhov,Russia,Finnish Championship 2016
5x5 Blindfolded,"Nov 05, 2016",4:46.74,Kaijun Lin (林恺俊),China,Shanghai Winter is Coming 2016
5x5 Blindfolded,"Sep 03, 2016",4:55.63,Roman Strakhov,Russia,SPB Championship 2016
5x5 Blindfolded,"Aug 27, 2016",5:01.40,Roman Strakhov,Russia,PSU Open 2016
5x5 Blindfolded,"Mar 26, 2016",5:01.85,Roman Strakhov,Russia,VSU Open 2016
5x5 Blindfolded,"Nov 27, 2015",5:04.81,Roman Strakhov,Russia,MPEI Open 2015
5x5 Blindfolded,"Aug 28, 2015",5:18.65,Roman Strakhov,Russia,CCC End of Summer 2015
5x5 Blindfolded,"Apr 11, 2015",5:35.84,Oliver Frost,United Kingdom,Welcome Back to Guildford 2015
5x5 Blindfolded,"Aug 23, 2014",5:39.10,Grzegorz Jałocha,Poland,Bydgoszcz Summer 2014
5x5 Blindfolded,"Jul 12, 2014",5:56.56,Oliver Frost,United Kingdom,Welcome To Cambridge 2014
5x5 Blindfolded,"Jul 26, 2013",6:06.41,Marcell Endrey,Hungary,World Rubik's Cube Championship 2013
5x5 Blindfolded,"Jul 12, 2013",6:26.86,Marcell Endrey,Hungary,Czech Open 2013
5x5 Blindfolded,"May 04, 2013",6:34.83,Marcell Endrey,Hungary,Austrian Open 2013
5x5 Blindfolded,"Apr 28, 2012",6:44.77,Marcell Endrey,Hungary,Zune Open 2012
5x5 Blindfolded,"Apr 14, 2012",7:05.68,Daniel Sheppard,United Kingdom,Rapid Dash Open 2012
5x5 Blindfolded,"Mar 31, 2012",7:59.16,Marcell Endrey,Hungary,Austrian Open 2012
5x5 Blindfolded,"May 21, 2011",9:48.58,Ville Seppänen,Finland,Kirkkonummi Open 2011
5x5 Blindfolded,"Jan 22, 2011",10:03.00,Ville Seppänen,Finland,Helsinki Open 2011
5x5 Blindfolded,"Aug 28, 2010",10:25.00,Ville Seppänen,Finland,Finnish Open 2010
5x5 Blindfolded,"Jul 17, 2010",14:42.00,Chester Lian,Malaysia,Cat and Mouse 2010
5x5 Blindfolded,"May 17, 2008",15:22.00,Chris Hardwick,United States,Washington DC Open 2008
5x5 Blindfolded,"Mar 29, 2008",17:22.00,Chris Hardwick,United States,Chattahoochee Spring competition 2008
5x5 Blindfolded,"Mar 24, 2007",19:55.00,Chris Hardwick,United States,Chattahoochee Spring competition 2007
5x5 Blindfolded,"Oct 21, 2006",26:19.00,Chris Hardwick,United States,G-Wiz Fall competition 2006
5x5 Blindfolded,"Aug 04, 2006",28:28.00,Chris Hardwick,United States,US Nationals 2006
5x5 Blindfolded,"Mar 11, 2006",55:21.00,Chris Hardwick,United States,Chattahoochee Spring competition 2006
5x5 Blindfolded,"Aug 07, 2004",2:34:36.00,Stefan Pochmann,Germany,European Rubik's Games Championship 2004
3x3 Multi-Blind,"Nov 08, 2019",59/60 59:46,Graham Siggins,United States,OSU Blind Weekend 2019
3x3 Multi-Blind,"Oct 13, 2019",53/57 58:31,Graham Siggins,United States,345 Cube Day Allen 2019
3x3 Multi-Blind,"May 26, 2019",50/52 56:32,Graham Siggins,United States,Silence in the Grove 2019
3x3 Multi-Blind,"Jul 22, 2018",48/48 59:48,Shivam Bansal,India,Delhi Monsoon Open 2018
3x3 Multi-Blind,"Mar 24, 2018",43/44 1:00:00,Mark Boyanowski,United States,Keep Portland Quiet 2018
3x3 Multi-Blind,"Nov 16, 2013",41/41 54:14,Marcin Kowalczyk,Poland,SLS Swierklany 2013
3x3 Multi-Blind,"Sep 28, 2013",35/35 55:00,Marcin Kowalczyk,Poland,SLS Jastrzebie 2013
3x3 Multi-Blind,"Sep 14, 2013",32/32 55:36,Marcin Kowalczyk,Poland,Grudziadz Open 2013
3x3 Multi-Blind,"Jun 29, 2013",35/41 52:09,Marcin Kowalczyk,Poland,Polish Nationals 2013
3x3 Multi-Blind,"Apr 20, 2013",33/37 54:21,Marcin Kowalczyk,Poland,Polish Open 2013
3x3 Multi-Blind,"Mar 09, 2013",32/37 57:39,Marcin Kowalczyk,Poland,Rybnik Open 2013
3x3 Multi-Blind,"Aug 04, 2012",26/29 53:01,Marcin Kowalczyk,Poland,Polish Nationals 2012
3x3 Multi-Blind,"Jun 30, 2012",23/25 53:34,Marcin Kowalczyk,Poland,Silesia Open 2012
3x3 Multi-Blind,"Nov 26, 2011",23/25 57:48,Zane Carney,Australia,Melbourne Cube Day 2011
3x3 Multi-Blind,"Oct 14, 2011",19/19 53:48,Marcell Endrey,Hungary,World Rubik's Cube Championship 2011
3x3 Multi-Blind,"Jun 18, 2011",17/17 53:09,Chester Lian,Malaysia,Ohio Open 2011
3x3 Multi-Blind,"Jan 30, 2010",16/16 56:54,Muhammad Iril Khairul Anam,Indonesia,Jakarta Open 2010
3x3 Multi-Blind,"Aug 16, 2009",15/15 52:01,Tong Jiang (蒋彤),China,Beijing Summer Open 2009
3x3 Multi-Blind,"Apr 25, 2009",10/10 42:06,Kai Jiptner,Germany,German Open 2009
3x3 Multi-Blind,"Oct 11, 2008",10/10 44:09,Dennis Strehlau,Germany,Danish Cube Day 2008
3x3 Multi-Blind,"Aug 23, 2008",8/8 57:55,Dennis Strehlau,Germany,Dutch Masters 2008
3x3 Multi-Blind,"Oct 05, 2007",6/6 47:58,Rafał Guzewicz,Poland,World Rubik's Cube Championship 2007
3x3 Multi-Blind,"Aug 25, 2007",4/4 38:12,Milán Baticz,Hungary,Swedish Open 2007
3x3 Multi-Blind,"Feb 24, 2007",4/5 48:25,Clément Gallet,France,Belgian Open 2007
3x3 With Feet,"Dec 27, 2019",15.56,Mohammed Aiman Koli,India,VJTI Mumbai Cube Open 2019
3x3 With Feet,"Mar 09, 2018",16.96,Daniel Rose-Levine,United States,CubingUSA Heartland Championship 2018
3x3 With Feet,"Jun 27, 2015",20.57,Jakub Kipa,Poland,Radomsko Cube Theory 2015
3x3 With Feet,"Aug 16, 2014",25.14,Gabriel Pereira Campanha,Brazil,Nova Odessa Open 2014
3x3 With Feet,"Apr 05, 2014",27.17,Gabriel Pereira Campanha,Brazil,SESC Santo Amaro 2014
3x3 With Feet,"Mar 21, 2014",27.66,Yuhei Takagi (高木佑平),Japan,Kansai Open 2014
3x3 With Feet,"Jul 14, 2012",27.93,Fakhri Raihaan,Indonesia,Celebes Cube Competition 2012
3x3 With Feet,"May 26, 2012",29.77,Henrik Buus Aagaard,Denmark,Ballerup Open 2012
3x3 With Feet,"Jan 22, 2011",31.56,Anssi Vanhala,Finland,Helsinki Open 2011
3x3 With Feet,"Nov 07, 2009",36.72,Anssi Vanhala,Finland,Estonian Open 2009
3x3 With Feet,"Aug 15, 2008",36.94,Chang Jee-Hoon,Republic of Korea,Suwon Cube Championship 2008
3x3 With Feet,"Aug 18, 2007",39.88,Anssi Vanhala,Finland,Finnish Open 2007
3x3 With Feet,"Jan 13, 2007",51.13,Anssi Vanhala,Finland,Helsinki Open 2007
3x3 With Feet,"Mar 18, 2006",1:18.15,Anssi Vanhala,Finland,SveKub Annual Meeting competition 2006
3x3 With Feet,"Nov 05, 2005",1:54.97,Oliver Wolff,Germany,Rubik's World Championship 2005
3x3 With Feet,"Sep 10, 2005",2:14.33,Kåre Krig,Sweden,Swedish Open 2005
3x3 With Feet,"Apr 16, 2005",4:06.68,Will Arnold,United States,Caltech Spring competition 2005
3x3 With Feet,"Mar 27, 2005",5:18.65,Kåre Krig,Sweden,SveKub Annual Meeting competition 2005
3x3 With Feet,"Aug 07, 2004",5:44.32,Kåre Krig,Sweden,European Rubik's Games Championship 2004
Magic,"Apr 23, 2011",0.69,Yuxuan Wang (王宇轩),China,Beijing Spring 2011
Magic,"Nov 28, 2010",0.71,Yuxuan Wang (王宇轩),China,Beijing No Cubes 2010
Magic,"Nov 21, 2010",0.72,Yuxuan Wang (王宇轩),China,Tianjin Open 2010
Magic,"May 30, 2010",0.72,Yuxuan Wang (王宇轩),China,Taiyuan 2010
Magic,"May 09, 2010",0.72,Yuxuan Wang (王宇轩),China,Alpha Cube BUAA Open 2010
Magic,"Sep 05, 2009",0.77,Oskar Åsbrink,Sweden,Swedish Open 2009
Magic,"Aug 22, 2009",0.77,Tang Yiu Chun (鄧耀俊),Hong Kong,Shenzhen Summer Open 2009
Magic,"Aug 15, 2009",0.80,Oskar Åsbrink,Sweden,Kristianstad Open 2009
Magic,"Aug 16, 2009",0.83,Yuxuan Wang (王宇轩),China,Beijing Summer Open 2009
Magic,"Mar 14, 2009",0.83,Patrick Jameson,United States,Drexel Winter 2009
Magic,"Aug 23, 2008",0.84,Olivér Perge,Hungary,Dutch Masters 2008
Magic,"Feb 02, 2008",0.86,Mátyás Kuti,Hungary,Belgian Open 2008
Magic,"Feb 24, 2007",0.86,Mátyás Kuti,Hungary,Belgian Open 2007
Magic,"Aug 04, 2006",1.07,Craig Bouchard,Canada,US Nationals 2006
Magic,"Nov 05, 2005",1.14,Quinn Lewis,United States,Rubik's World Championship 2005
Magic,"Oct 16, 2005",1.23,Stefan Pochmann,Germany,Dutch Open 2005
Magic,"Aug 13, 2005",1.28,Bob Burton,United States,Caltech Dallas Summer competition 2005
Magic,"Oct 10, 2004",1.36,Stefan Pochmann,Germany,Dutch Open 2004
Magic,"Aug 07, 2004",1.43,Stefan Pochmann,Germany,European Rubik's Games Championship 2004
Magic,"Aug 07, 2004",1.49,Stefan Pochmann,Germany,European Rubik's Games Championship 2004
Magic,"Apr 24, 2004",2.09,Jaap Scherphuis,Netherlands,German Open 2004
Magic,"Apr 24, 2004",2.22,Jaap Scherphuis,Netherlands,German Open 2004
Magic,"Aug 23, 2003",3.06,Jaap Scherphuis,Netherlands,World Rubik's Games Championship 2003
Master Magic,"Dec 23, 2012",1.66,Yuxuan Wang (王宇轩),China,Tianjin Winter 2012
Master Magic,"May 14, 2011",1.68,Ernie Pulchny,United States,Park Ridge Open 2011
Master Magic,"Mar 19, 2011",1.71,Ernie Pulchny,United States,Newark Head to Head 2011
Master Magic,"Jul 24, 2010",1.71,Yuxuan Wang (王宇轩),China,Inner Mongolia 2010
Master Magic,"Feb 02, 2008",1.72,Mátyás Kuti,Hungary,Belgian Open 2008
Master Magic,"Aug 25, 2007",1.83,Máté Horváth,Hungary,Swedish Open 2007
Master Magic,"Apr 28, 2007",1.94,Máté Horváth,Hungary,German Open 2007
Master Magic,"Feb 24, 2007",2.02,Máté Horváth,Hungary,Belgian Open 2007
Master Magic,"Sep 23, 2006",2.48,Mátyás Kuti,Hungary,European Rubik's Cube Championship 2006
Master Magic,"Aug 04, 2006",2.73,Craig Bouchard,Canada,US Nationals 2006
Master Magic,"Nov 05, 2005",2.79,Stefan Pochmann,Germany,Rubik's World Championship 2005
Master Magic,"Aug 13, 2005",3.05,Bob Burton,United States,Caltech Dallas Summer competition 2005
Master Magic,"Oct 16, 2004",5.16,Sunil Pedapudi,United States,Caltech Fall competition 2004
Master Magic,"Aug 23, 2003",8.22,Jaap Scherphuis,Netherlands,World Rubik's Games Championship 2003
3x3 Multi-Blind Old Style,"Apr 19, 2008",24/24 2:15:57,Tim Habermaas,Germany,German Open 2008
3x3 Multi-Blind Old Style,"Feb 02, 2008",10/10 1:36:39,Dennis Strehlau,Germany,Belgian Open 2008
3x3 Multi-Blind Old Style,"Oct 05, 2007",6/6 47:58,Rafał Guzewicz,Poland,World Rubik's Cube Championship 2007
3x3 Multi-Blind Old Style,"May 26, 2007",5/5 54:25,Clément Gallet,France,Italian Open 2007
3x3 Multi-Blind Old Style,"Oct 14, 2006",5/5 1:00:00,Constantin Ceausu,Romania,Dutch Open 2006
3x3 Multi-Blind Old Style,"Sep 23, 2006",5/5 1:07:15,Stefan Pochmann,Germany,European Rubik's Cube Championship 2006
